AssessmentSymptomID,CategoryID,SymptomID,DisplayOrder,Active
ASM-0001,CAT-001,SYM-0001,10,TRUE
ASM-0002,CAT-001,SYM-0002,20,TRUE
ASM-0003,CAT-001,SYM-0003,30,TRUE
ASM-0004,CAT-001,SYM-0004,40,TRUE
ASM-0005,CAT-001,SYM-0009,50,TRUE
ASM-0006,CAT-001,SYM-0013,60,TRUE
ASM-0007,CAT-001,SYM-0105,70,TRUE
ASM-0008,CAT-001,SYM-0019,80,TRUE
ASM-0009,CAT-001,SYM-0021,90,TRUE
ASM-0010,CAT-001,SYM-0027,100,TRUE
ASM-0011,CAT-001,SYM-0106,110,TRUE
ASM-0012,CAT-001,SYM-0036,120,TRUE
ASM-0013,CAT-001,SYM-0039,130,TRUE
ASM-0014,CAT-001,SYM-0107,140,TRUE
ASM-0015,CAT-001,SYM-0108,150,TRUE
ASM-0016,CAT-001,SYM-0109,160,TRUE
ASM-0017,CAT-001,SYM-0110,170,TRUE
ASM-0018,CAT-001,SYM-0111,180,TRUE
ASM-0019,CAT-001,SYM-0112,190,TRUE
ASM-0020,CAT-001,SYM-0113,200,TRUE
ASM-0021,CAT-001,SYM-0114,210,TRUE
ASM-0022,CAT-001,SYM-0115,220,TRUE
ASM-0023,CAT-001,SYM-0116,230,TRUE
ASM-0024,CAT-001,SYM-0117,240,TRUE
ASM-0025,CAT-001,SYM-0118,250,TRUE
ASM-0026,CAT-001,SYM-0067,260,TRUE
ASM-0027,CAT-001,SYM-0072,270,TRUE
ASM-0028,CAT-002,SYM-0001,10,TRUE
ASM-0029,CAT-002,SYM-0002,20,TRUE
ASM-0030,CAT-002,SYM-0003,30,TRUE
ASM-0031,CAT-002,SYM-0004,40,TRUE
ASM-0032,CAT-002,SYM-0005,50,TRUE
ASM-0033,CAT-002,SYM-0006,60,TRUE
ASM-0034,CAT-002,SYM-0007,70,TRUE
ASM-0035,CAT-002,SYM-0008,80,TRUE
ASM-0036,CAT-002,SYM-0009,90,TRUE
ASM-0037,CAT-002,SYM-0010,100,TRUE
ASM-0038,CAT-002,SYM-0011,110,TRUE
ASM-0039,CAT-002,SYM-0012,120,TRUE
ASM-0040,CAT-002,SYM-0013,130,TRUE
ASM-0041,CAT-002,SYM-0105,140,TRUE
ASM-0042,CAT-002,SYM-0014,150,TRUE
ASM-0043,CAT-002,SYM-0015,160,TRUE
ASM-0044,CAT-002,SYM-0016,170,TRUE
ASM-0045,CAT-002,SYM-0017,180,TRUE
ASM-0046,CAT-002,SYM-0018,190,TRUE
ASM-0047,CAT-002,SYM-0019,200,TRUE
ASM-0048,CAT-002,SYM-0020,210,TRUE
ASM-0049,CAT-002,SYM-0021,220,TRUE
ASM-0050,CAT-002,SYM-0022,230,TRUE
ASM-0051,CAT-002,SYM-0023,240,TRUE
ASM-0052,CAT-002,SYM-0024,250,TRUE
ASM-0053,CAT-002,SYM-0025,260,TRUE
ASM-0054,CAT-002,SYM-0026,270,TRUE
ASM-0055,CAT-002,SYM-0027,280,TRUE
ASM-0056,CAT-002,SYM-0028,290,TRUE
ASM-0057,CAT-002,SYM-0029,300,TRUE
ASM-0058,CAT-002,SYM-0106,310,TRUE
ASM-0059,CAT-002,SYM-0030,320,TRUE
ASM-0060,CAT-002,SYM-0031,330,TRUE
ASM-0061,CAT-002,SYM-0032,340,TRUE
ASM-0062,CAT-002,SYM-0033,350,TRUE
ASM-0063,CAT-002,SYM-0034,360,TRUE
ASM-0064,CAT-002,SYM-0035,370,TRUE
ASM-0065,CAT-002,SYM-0036,380,TRUE
ASM-0066,CAT-002,SYM-0037,390,TRUE
ASM-0067,CAT-002,SYM-0038,400,TRUE
ASM-0068,CAT-002,SYM-0039,410,TRUE
ASM-0069,CAT-002,SYM-0040,420,TRUE
ASM-0070,CAT-002,SYM-0041,430,TRUE
ASM-0071,CAT-002,SYM-0042,440,TRUE
ASM-0072,CAT-002,SYM-0043,450,TRUE
ASM-0073,CAT-002,SYM-0044,460,TRUE
ASM-0074,CAT-002,SYM-0045,470,TRUE
ASM-0075,CAT-002,SYM-0046,480,TRUE
ASM-0076,CAT-002,SYM-0047,490,TRUE
ASM-0077,CAT-002,SYM-0048,500,TRUE
ASM-0078,CAT-002,SYM-0049,510,TRUE
ASM-0079,CAT-002,SYM-0050,520,TRUE
ASM-0080,CAT-002,SYM-0051,530,TRUE
ASM-0081,CAT-002,SYM-0052,540,TRUE
ASM-0082,CAT-002,SYM-0053,550,TRUE
ASM-0083,CAT-002,SYM-0054,560,TRUE
ASM-0084,CAT-002,SYM-0055,570,TRUE
ASM-0085,CAT-002,SYM-0107,580,TRUE
ASM-0086,CAT-002,SYM-0108,590,TRUE
ASM-0087,CAT-002,SYM-0109,600,TRUE
ASM-0088,CAT-002,SYM-0110,610,TRUE
ASM-0089,CAT-002,SYM-0111,620,TRUE
ASM-0090,CAT-002,SYM-0112,630,TRUE
ASM-0091,CAT-002,SYM-0113,640,TRUE
ASM-0092,CAT-002,SYM-0114,650,TRUE
ASM-0093,CAT-002,SYM-0115,660,TRUE
ASM-0094,CAT-002,SYM-0116,670,TRUE
ASM-0095,CAT-002,SYM-0117,680,TRUE
ASM-0096,CAT-002,SYM-0118,690,TRUE
ASM-0097,CAT-002,SYM-0056,700,TRUE
ASM-0098,CAT-002,SYM-0057,710,TRUE
ASM-0099,CAT-002,SYM-0058,720,TRUE
ASM-0100,CAT-002,SYM-0059,730,TRUE
ASM-0101,CAT-002,SYM-0060,740,TRUE
ASM-0102,CAT-002,SYM-0061,750,TRUE
ASM-0103,CAT-002,SYM-0062,760,TRUE
ASM-0104,CAT-002,SYM-0063,770,TRUE
ASM-0105,CAT-002,SYM-0064,780,TRUE
ASM-0106,CAT-002,SYM-0065,790,TRUE
ASM-0107,CAT-002,SYM-0066,800,TRUE
ASM-0108,CAT-002,SYM-0067,810,TRUE
ASM-0109,CAT-002,SYM-0068,820,TRUE
ASM-0110,CAT-002,SYM-0069,830,TRUE
ASM-0111,CAT-002,SYM-0070,840,TRUE
ASM-0112,CAT-002,SYM-0071,850,TRUE
ASM-0113,CAT-002,SYM-0072,860,TRUE
ASM-0114,CAT-002,SYM-0073,870,TRUE
ASM-0115,CAT-002,SYM-0074,880,TRUE
ASM-0116,CAT-002,SYM-0075,890,TRUE
ASM-0117,CAT-002,SYM-0076,900,TRUE
ASM-0118,CAT-002,SYM-0077,910,TRUE
ASM-0119,CAT-002,SYM-0078,920,TRUE
ASM-0120,CAT-002,SYM-0079,930,TRUE
ASM-0121,CAT-002,SYM-0080,940,TRUE
ASM-0122,CAT-002,SYM-0081,950,TRUE
ASM-0123,CAT-002,SYM-0082,960,TRUE
ASM-0124,CAT-002,SYM-0083,970,TRUE
ASM-0125,CAT-002,SYM-0084,980,TRUE
ASM-0126,CAT-002,SYM-0085,990,TRUE
ASM-0127,CAT-002,SYM-0086,1000,TRUE
ASM-0128,CAT-002,SYM-0087,1010,TRUE
ASM-0129,CAT-002,SYM-0088,1020,TRUE
ASM-0130,CAT-002,SYM-0089,1030,TRUE
ASM-0131,CAT-002,SYM-0090,1040,TRUE
ASM-0132,CAT-002,SYM-0091,1050,TRUE
ASM-0133,CAT-002,SYM-0092,1060,TRUE
ASM-0134,CAT-002,SYM-0093,1070,TRUE
ASM-0135,CAT-002,SYM-0094,1080,TRUE
ASM-0136,CAT-002,SYM-0095,1090,TRUE
ASM-0137,CAT-002,SYM-0096,1100,TRUE
ASM-0138,CAT-002,SYM-0097,1110,TRUE
ASM-0139,CAT-002,SYM-0098,1120,TRUE
ASM-0140,CAT-002,SYM-0099,1130,TRUE
ASM-0141,CAT-002,SYM-0100,1140,TRUE
ASM-0142,CAT-002,SYM-0101,1150,TRUE
ASM-0143,CAT-002,SYM-0102,1160,TRUE
ASM-0144,CAT-002,SYM-0103,1170,TRUE
ASM-0145,CAT-002,SYM-0104,1180,TRUE
ASM-0146,CAT-003,SYM-0001,10,TRUE
ASM-0147,CAT-003,SYM-0002,20,TRUE
ASM-0148,CAT-003,SYM-0003,30,TRUE
ASM-0149,CAT-003,SYM-0004,40,TRUE
ASM-0150,CAT-003,SYM-0005,50,TRUE
ASM-0151,CAT-003,SYM-0006,60,TRUE
ASM-0152,CAT-003,SYM-0007,70,TRUE
ASM-0153,CAT-003,SYM-0008,80,TRUE
ASM-0154,CAT-003,SYM-0009,90,TRUE
ASM-0155,CAT-003,SYM-0010,100,TRUE
ASM-0156,CAT-003,SYM-0011,110,TRUE
ASM-0157,CAT-003,SYM-0012,120,TRUE
ASM-0158,CAT-003,SYM-0013,130,TRUE
ASM-0159,CAT-003,SYM-0105,140,TRUE
ASM-0160,CAT-003,SYM-0014,150,TRUE
ASM-0161,CAT-003,SYM-0015,160,TRUE
ASM-0162,CAT-003,SYM-0016,170,TRUE
ASM-0163,CAT-003,SYM-0017,180,TRUE
ASM-0164,CAT-003,SYM-0018,190,TRUE
ASM-0165,CAT-003,SYM-0019,200,TRUE
ASM-0166,CAT-003,SYM-0020,210,TRUE
ASM-0167,CAT-003,SYM-0021,220,TRUE
ASM-0168,CAT-003,SYM-0022,230,TRUE
ASM-0169,CAT-003,SYM-0023,240,TRUE
ASM-0170,CAT-003,SYM-0024,250,TRUE
ASM-0171,CAT-003,SYM-0025,260,TRUE
ASM-0172,CAT-003,SYM-0026,270,TRUE
ASM-0173,CAT-003,SYM-0027,280,TRUE
ASM-0174,CAT-003,SYM-0028,290,TRUE
ASM-0175,CAT-003,SYM-0029,300,TRUE
ASM-0176,CAT-003,SYM-0106,310,TRUE
ASM-0177,CAT-003,SYM-0030,320,TRUE
ASM-0178,CAT-003,SYM-0031,330,TRUE
ASM-0179,CAT-003,SYM-0032,340,TRUE
ASM-0180,CAT-003,SYM-0033,350,TRUE
ASM-0181,CAT-003,SYM-0034,360,TRUE
ASM-0182,CAT-003,SYM-0035,370,TRUE
ASM-0183,CAT-003,SYM-0036,380,TRUE
ASM-0184,CAT-003,SYM-0037,390,TRUE
ASM-0185,CAT-003,SYM-0038,400,TRUE
ASM-0186,CAT-003,SYM-0039,410,TRUE
ASM-0187,CAT-003,SYM-0040,420,TRUE
ASM-0188,CAT-003,SYM-0041,430,TRUE
ASM-0189,CAT-003,SYM-0042,440,TRUE
ASM-0190,CAT-003,SYM-0043,450,TRUE
ASM-0191,CAT-003,SYM-0044,460,TRUE
ASM-0192,CAT-003,SYM-0045,470,TRUE
ASM-0193,CAT-003,SYM-0046,480,TRUE
ASM-0194,CAT-003,SYM-0047,490,TRUE
ASM-0195,CAT-003,SYM-0048,500,TRUE
ASM-0196,CAT-003,SYM-0049,510,TRUE
ASM-0197,CAT-003,SYM-0050,520,TRUE
ASM-0198,CAT-003,SYM-0051,530,TRUE
ASM-0199,CAT-003,SYM-0052,540,TRUE
ASM-0200,CAT-003,SYM-0053,550,TRUE
ASM-0201,CAT-003,SYM-0054,560,TRUE
ASM-0202,CAT-003,SYM-0055,570,TRUE
ASM-0203,CAT-003,SYM-0107,580,TRUE
ASM-0204,CAT-003,SYM-0108,590,TRUE
ASM-0205,CAT-003,SYM-0109,600,TRUE
ASM-0206,CAT-003,SYM-0110,610,TRUE
ASM-0207,CAT-003,SYM-0111,620,TRUE
ASM-0208,CAT-003,SYM-0112,630,TRUE
ASM-0209,CAT-003,SYM-0113,640,TRUE
ASM-0210,CAT-003,SYM-0114,650,TRUE
ASM-0211,CAT-003,SYM-0115,660,TRUE
ASM-0212,CAT-003,SYM-0116,670,TRUE
ASM-0213,CAT-003,SYM-0117,680,TRUE
ASM-0214,CAT-003,SYM-0118,690,TRUE
ASM-0215,CAT-003,SYM-0056,700,TRUE
ASM-0216,CAT-003,SYM-0057,710,TRUE
ASM-0217,CAT-003,SYM-0058,720,TRUE
ASM-0218,CAT-003,SYM-0059,730,TRUE
ASM-0219,CAT-003,SYM-0060,740,TRUE
ASM-0220,CAT-003,SYM-0061,750,TRUE
ASM-0221,CAT-003,SYM-0062,760,TRUE
ASM-0222,CAT-003,SYM-0063,770,TRUE
ASM-0223,CAT-003,SYM-0064,780,TRUE
ASM-0224,CAT-003,SYM-0065,790,TRUE
ASM-0225,CAT-003,SYM-0066,800,TRUE
ASM-0226,CAT-003,SYM-0067,810,TRUE
ASM-0227,CAT-003,SYM-0068,820,TRUE
ASM-0228,CAT-003,SYM-0069,830,TRUE
ASM-0229,CAT-003,SYM-0070,840,TRUE
ASM-0230,CAT-003,SYM-0071,850,TRUE
ASM-0231,CAT-003,SYM-0072,860,TRUE
ASM-0232,CAT-003,SYM-0073,870,TRUE
ASM-0233,CAT-003,SYM-0074,880,TRUE
ASM-0234,CAT-003,SYM-0075,890,TRUE
ASM-0235,CAT-003,SYM-0076,900,TRUE
ASM-0236,CAT-003,SYM-0077,910,TRUE
ASM-0237,CAT-003,SYM-0078,920,TRUE
ASM-0238,CAT-003,SYM-0079,930,TRUE
ASM-0239,CAT-003,SYM-0080,940,TRUE
ASM-0240,CAT-003,SYM-0081,950,TRUE
ASM-0241,CAT-003,SYM-0082,960,TRUE
ASM-0242,CAT-003,SYM-0083,970,TRUE
ASM-0243,CAT-003,SYM-0084,980,TRUE
ASM-0244,CAT-003,SYM-0085,990,TRUE
ASM-0245,CAT-003,SYM-0086,1000,TRUE
ASM-0246,CAT-003,SYM-0087,1010,TRUE
ASM-0247,CAT-003,SYM-0088,1020,TRUE
ASM-0248,CAT-003,SYM-0089,1030,TRUE
ASM-0249,CAT-003,SYM-0090,1040,TRUE
ASM-0250,CAT-003,SYM-0091,1050,TRUE
ASM-0251,CAT-003,SYM-0092,1060,TRUE
ASM-0252,CAT-003,SYM-0093,1070,TRUE
ASM-0253,CAT-003,SYM-0094,1080,TRUE
ASM-0254,CAT-003,SYM-0095,1090,TRUE
ASM-0255,CAT-003,SYM-0096,1100,TRUE
ASM-0256,CAT-003,SYM-0097,1110,TRUE
ASM-0257,CAT-003,SYM-0098,1120,TRUE
ASM-0258,CAT-003,SYM-0099,1130,TRUE
ASM-0259,CAT-003,SYM-0100,1140,TRUE
ASM-0260,CAT-003,SYM-0101,1150,TRUE
ASM-0261,CAT-003,SYM-0102,1160,TRUE
ASM-0262,CAT-003,SYM-0103,1170,TRUE
ASM-0263,CAT-003,SYM-0104,1180,TRUE
ASM-0264,CAT-004,SYM-0001,10,TRUE
ASM-0265,CAT-004,SYM-0002,20,TRUE
ASM-0266,CAT-004,SYM-0003,30,TRUE
ASM-0267,CAT-004,SYM-0004,40,TRUE
ASM-0268,CAT-004,SYM-0005,50,TRUE
ASM-0269,CAT-004,SYM-0006,60,TRUE
ASM-0270,CAT-004,SYM-0007,70,TRUE
ASM-0271,CAT-004,SYM-0008,80,TRUE
ASM-0272,CAT-004,SYM-0009,90,TRUE
ASM-0273,CAT-004,SYM-0010,100,TRUE
ASM-0274,CAT-004,SYM-0011,110,TRUE
ASM-0275,CAT-004,SYM-0012,120,TRUE
ASM-0276,CAT-004,SYM-0013,130,TRUE
ASM-0277,CAT-004,SYM-0105,140,TRUE
ASM-0278,CAT-004,SYM-0014,150,TRUE
ASM-0279,CAT-004,SYM-0015,160,TRUE
ASM-0280,CAT-004,SYM-0016,170,TRUE
ASM-0281,CAT-004,SYM-0017,180,TRUE
ASM-0282,CAT-004,SYM-0018,190,TRUE
ASM-0283,CAT-004,SYM-0019,200,TRUE
ASM-0284,CAT-004,SYM-0020,210,TRUE
ASM-0285,CAT-004,SYM-0021,220,TRUE
ASM-0286,CAT-004,SYM-0022,230,TRUE
ASM-0287,CAT-004,SYM-0023,240,TRUE
ASM-0288,CAT-004,SYM-0024,250,TRUE
ASM-0289,CAT-004,SYM-0025,260,TRUE
ASM-0290,CAT-004,SYM-0026,270,TRUE
ASM-0291,CAT-004,SYM-0027,280,TRUE
ASM-0292,CAT-004,SYM-0028,290,TRUE
ASM-0293,CAT-004,SYM-0029,300,TRUE
ASM-0294,CAT-004,SYM-0106,310,TRUE
ASM-0295,CAT-004,SYM-0030,320,TRUE
ASM-0296,CAT-004,SYM-0031,330,TRUE
ASM-0297,CAT-004,SYM-0032,340,TRUE
ASM-0298,CAT-004,SYM-0033,350,TRUE
ASM-0299,CAT-004,SYM-0034,360,TRUE
ASM-0300,CAT-004,SYM-0035,370,TRUE
ASM-0301,CAT-004,SYM-0036,380,TRUE
ASM-0302,CAT-004,SYM-0037,390,TRUE
ASM-0303,CAT-004,SYM-0038,400,TRUE
ASM-0304,CAT-004,SYM-0039,410,TRUE
ASM-0305,CAT-004,SYM-0040,420,TRUE
ASM-0306,CAT-004,SYM-0041,430,TRUE
ASM-0307,CAT-004,SYM-0042,440,TRUE
ASM-0308,CAT-004,SYM-0043,450,TRUE
ASM-0309,CAT-004,SYM-0044,460,TRUE
ASM-0310,CAT-004,SYM-0045,470,TRUE
ASM-0311,CAT-004,SYM-0046,480,TRUE
ASM-0312,CAT-004,SYM-0047,490,TRUE
ASM-0313,CAT-004,SYM-0048,500,TRUE
ASM-0314,CAT-004,SYM-0049,510,TRUE
ASM-0315,CAT-004,SYM-0050,520,TRUE
ASM-0316,CAT-004,SYM-0051,530,TRUE
ASM-0317,CAT-004,SYM-0052,540,TRUE
ASM-0318,CAT-004,SYM-0053,550,TRUE
ASM-0319,CAT-004,SYM-0054,560,TRUE
ASM-0320,CAT-004,SYM-0055,570,TRUE
ASM-0321,CAT-004,SYM-0107,580,TRUE
ASM-0322,CAT-004,SYM-0108,590,TRUE
ASM-0323,CAT-004,SYM-0109,600,TRUE
ASM-0324,CAT-004,SYM-0110,610,TRUE
ASM-0325,CAT-004,SYM-0111,620,TRUE
ASM-0326,CAT-004,SYM-0112,630,TRUE
ASM-0327,CAT-004,SYM-0113,640,TRUE
ASM-0328,CAT-004,SYM-0114,650,TRUE
ASM-0329,CAT-004,SYM-0115,660,TRUE
ASM-0330,CAT-004,SYM-0116,670,TRUE
ASM-0331,CAT-004,SYM-0117,680,TRUE
ASM-0332,CAT-004,SYM-0118,690,TRUE
ASM-0333,CAT-004,SYM-0056,700,TRUE
ASM-0334,CAT-004,SYM-0057,710,TRUE
ASM-0335,CAT-004,SYM-0058,720,TRUE
ASM-0336,CAT-004,SYM-0059,730,TRUE
ASM-0337,CAT-004,SYM-0060,740,TRUE
ASM-0338,CAT-004,SYM-0061,750,TRUE
ASM-0339,CAT-004,SYM-0062,760,TRUE
ASM-0340,CAT-004,SYM-0063,770,TRUE
ASM-0341,CAT-004,SYM-0064,780,TRUE
ASM-0342,CAT-004,SYM-0065,790,TRUE
ASM-0343,CAT-004,SYM-0066,800,TRUE
ASM-0344,CAT-004,SYM-0067,810,TRUE
ASM-0345,CAT-004,SYM-0068,820,TRUE
ASM-0346,CAT-004,SYM-0069,830,TRUE
ASM-0347,CAT-004,SYM-0070,840,TRUE
ASM-0348,CAT-004,SYM-0071,850,TRUE
ASM-0349,CAT-004,SYM-0072,860,TRUE
ASM-0350,CAT-004,SYM-0073,870,TRUE
ASM-0351,CAT-004,SYM-0074,880,TRUE
ASM-0352,CAT-004,SYM-0075,890,TRUE
ASM-0353,CAT-004,SYM-0076,900,TRUE
ASM-0354,CAT-004,SYM-0077,910,TRUE
ASM-0355,CAT-004,SYM-0078,920,TRUE
ASM-0356,CAT-004,SYM-0079,930,TRUE
ASM-0357,CAT-004,SYM-0080,940,TRUE
ASM-0358,CAT-004,SYM-0081,950,TRUE
ASM-0359,CAT-004,SYM-0082,960,TRUE
ASM-0360,CAT-004,SYM-0083,970,TRUE
ASM-0361,CAT-004,SYM-0084,980,TRUE
ASM-0362,CAT-004,SYM-0085,990,TRUE
ASM-0363,CAT-004,SYM-0086,1000,TRUE
ASM-0364,CAT-004,SYM-0087,1010,TRUE
ASM-0365,CAT-004,SYM-0088,1020,TRUE
ASM-0366,CAT-004,SYM-0089,1030,TRUE
ASM-0367,CAT-004,SYM-0090,1040,TRUE
ASM-0368,CAT-004,SYM-0091,1050,TRUE
ASM-0369,CAT-004,SYM-0092,1060,TRUE
ASM-0370,CAT-004,SYM-0093,1070,TRUE
ASM-0371,CAT-004,SYM-0094,1080,TRUE
ASM-0372,CAT-004,SYM-0095,1090,TRUE
ASM-0373,CAT-004,SYM-0096,1100,TRUE
ASM-0374,CAT-004,SYM-0097,1110,TRUE
ASM-0375,CAT-004,SYM-0098,1120,TRUE
ASM-0376,CAT-004,SYM-0099,1130,TRUE
ASM-0377,CAT-004,SYM-0100,1140,TRUE
ASM-0378,CAT-004,SYM-0101,1150,TRUE
ASM-0379,CAT-004,SYM-0102,1160,TRUE
ASM-0380,CAT-004,SYM-0103,1170,TRUE
ASM-0381,CAT-004,SYM-0104,1180,TRUE
ASM-0382,CAT-005,SYM-0001,10,TRUE
ASM-0383,CAT-005,SYM-0002,20,TRUE
ASM-0384,CAT-005,SYM-0003,30,TRUE
ASM-0385,CAT-005,SYM-0004,40,TRUE
ASM-0386,CAT-005,SYM-0005,50,TRUE
ASM-0387,CAT-005,SYM-0006,60,TRUE
ASM-0388,CAT-005,SYM-0007,70,TRUE
ASM-0389,CAT-005,SYM-0008,80,TRUE
ASM-0390,CAT-005,SYM-0009,90,TRUE
ASM-0391,CAT-005,SYM-0010,100,TRUE
ASM-0392,CAT-005,SYM-0011,110,TRUE
ASM-0393,CAT-005,SYM-0012,120,TRUE
ASM-0394,CAT-005,SYM-0013,130,TRUE
ASM-0395,CAT-005,SYM-0105,140,TRUE
ASM-0396,CAT-005,SYM-0014,150,TRUE
ASM-0397,CAT-005,SYM-0015,160,TRUE
ASM-0398,CAT-005,SYM-0016,170,TRUE
ASM-0399,CAT-005,SYM-0017,180,TRUE
ASM-0400,CAT-005,SYM-0018,190,TRUE
ASM-0401,CAT-005,SYM-0019,200,TRUE
ASM-0402,CAT-005,SYM-0020,210,TRUE
ASM-0403,CAT-005,SYM-0021,220,TRUE
ASM-0404,CAT-005,SYM-0022,230,TRUE
ASM-0405,CAT-005,SYM-0023,240,TRUE
ASM-0406,CAT-005,SYM-0024,250,TRUE
ASM-0407,CAT-005,SYM-0025,260,TRUE
ASM-0408,CAT-005,SYM-0026,270,TRUE
ASM-0409,CAT-005,SYM-0027,280,TRUE
ASM-0410,CAT-005,SYM-0028,290,TRUE
ASM-0411,CAT-005,SYM-0029,300,TRUE
ASM-0412,CAT-005,SYM-0106,310,TRUE
ASM-0413,CAT-005,SYM-0030,320,TRUE
ASM-0414,CAT-005,SYM-0031,330,TRUE
ASM-0415,CAT-005,SYM-0032,340,TRUE
ASM-0416,CAT-005,SYM-0033,350,TRUE
ASM-0417,CAT-005,SYM-0034,360,TRUE
ASM-0418,CAT-005,SYM-0035,370,TRUE
ASM-0419,CAT-005,SYM-0036,380,TRUE
ASM-0420,CAT-005,SYM-0037,390,TRUE
ASM-0421,CAT-005,SYM-0038,400,TRUE
ASM-0422,CAT-005,SYM-0039,410,TRUE
ASM-0423,CAT-005,SYM-0040,420,TRUE
ASM-0424,CAT-005,SYM-0041,430,TRUE
ASM-0425,CAT-005,SYM-0042,440,TRUE
ASM-0426,CAT-005,SYM-0043,450,TRUE
ASM-0427,CAT-005,SYM-0044,460,TRUE
ASM-0428,CAT-005,SYM-0045,470,TRUE
ASM-0429,CAT-005,SYM-0046,480,TRUE
ASM-0430,CAT-005,SYM-0047,490,TRUE
ASM-0431,CAT-005,SYM-0048,500,TRUE
ASM-0432,CAT-005,SYM-0049,510,TRUE
ASM-0433,CAT-005,SYM-0050,520,TRUE
ASM-0434,CAT-005,SYM-0051,530,TRUE
ASM-0435,CAT-005,SYM-0052,540,TRUE
ASM-0436,CAT-005,SYM-0053,550,TRUE
ASM-0437,CAT-005,SYM-0054,560,TRUE
ASM-0438,CAT-005,SYM-0055,570,TRUE
ASM-0439,CAT-005,SYM-0107,580,TRUE
ASM-0440,CAT-005,SYM-0108,590,TRUE
ASM-0441,CAT-005,SYM-0109,600,TRUE
ASM-0442,CAT-005,SYM-0110,610,TRUE
ASM-0443,CAT-005,SYM-0111,620,TRUE
ASM-0444,CAT-005,SYM-0112,630,TRUE
ASM-0445,CAT-005,SYM-0113,640,TRUE
ASM-0446,CAT-005,SYM-0114,650,TRUE
ASM-0447,CAT-005,SYM-0115,660,TRUE
ASM-0448,CAT-005,SYM-0116,670,TRUE
ASM-0449,CAT-005,SYM-0117,680,TRUE
ASM-0450,CAT-005,SYM-0118,690,TRUE
ASM-0451,CAT-005,SYM-0056,700,TRUE
ASM-0452,CAT-005,SYM-0057,710,TRUE
ASM-0453,CAT-005,SYM-0058,720,TRUE
ASM-0454,CAT-005,SYM-0059,730,TRUE
ASM-0455,CAT-005,SYM-0060,740,TRUE
ASM-0456,CAT-005,SYM-0061,750,TRUE
ASM-0457,CAT-005,SYM-0062,760,TRUE
ASM-0458,CAT-005,SYM-0063,770,TRUE
ASM-0459,CAT-005,SYM-0064,780,TRUE
ASM-0460,CAT-005,SYM-0065,790,TRUE
ASM-0461,CAT-005,SYM-0066,800,TRUE
ASM-0462,CAT-005,SYM-0067,810,TRUE
ASM-0463,CAT-005,SYM-0068,820,TRUE
ASM-0464,CAT-005,SYM-0069,830,TRUE
ASM-0465,CAT-005,SYM-0070,840,TRUE
ASM-0466,CAT-005,SYM-0071,850,TRUE
ASM-0467,CAT-005,SYM-0072,860,TRUE
ASM-0468,CAT-005,SYM-0073,870,TRUE
ASM-0469,CAT-005,SYM-0074,880,TRUE
ASM-0470,CAT-005,SYM-0075,890,TRUE
ASM-0471,CAT-005,SYM-0076,900,TRUE
ASM-0472,CAT-005,SYM-0077,910,TRUE
ASM-0473,CAT-005,SYM-0078,920,TRUE
ASM-0474,CAT-005,SYM-0079,930,TRUE
ASM-0475,CAT-005,SYM-0080,940,TRUE
ASM-0476,CAT-005,SYM-0081,950,TRUE
ASM-0477,CAT-005,SYM-0097,960,TRUE
ASM-0478,CAT-005,SYM-0098,970,TRUE
ASM-0479,CAT-005,SYM-0099,980,TRUE
ASM-0480,CAT-005,SYM-0100,990,TRUE
ASM-0481,CAT-005,SYM-0101,1000,TRUE
ASM-0482,CAT-005,SYM-0102,1010,TRUE
ASM-0483,CAT-005,SYM-0103,1020,TRUE
ASM-0484,CAT-005,SYM-0104,1030,TRUE
ASM-0485,CAT-006,SYM-0001,10,TRUE
ASM-0486,CAT-006,SYM-0002,20,TRUE
ASM-0487,CAT-006,SYM-0003,30,TRUE
ASM-0488,CAT-006,SYM-0004,40,TRUE
ASM-0489,CAT-006,SYM-0005,50,TRUE
ASM-0490,CAT-006,SYM-0006,60,TRUE
ASM-0491,CAT-006,SYM-0007,70,TRUE
ASM-0492,CAT-006,SYM-0008,80,TRUE
ASM-0493,CAT-006,SYM-0009,90,TRUE
ASM-0494,CAT-006,SYM-0010,100,TRUE
ASM-0495,CAT-006,SYM-0011,110,TRUE
ASM-0496,CAT-006,SYM-0012,120,TRUE
ASM-0497,CAT-006,SYM-0013,130,TRUE
ASM-0498,CAT-006,SYM-0105,140,TRUE
ASM-0499,CAT-006,SYM-0014,150,TRUE
ASM-0500,CAT-006,SYM-0015,160,TRUE
ASM-0501,CAT-006,SYM-0016,170,TRUE
ASM-0502,CAT-006,SYM-0017,180,TRUE
ASM-0503,CAT-006,SYM-0018,190,TRUE
ASM-0504,CAT-006,SYM-0019,200,TRUE
ASM-0505,CAT-006,SYM-0020,210,TRUE
ASM-0506,CAT-006,SYM-0021,220,TRUE
ASM-0507,CAT-006,SYM-0022,230,TRUE
ASM-0508,CAT-006,SYM-0023,240,TRUE
ASM-0509,CAT-006,SYM-0024,250,TRUE
ASM-0510,CAT-006,SYM-0025,260,TRUE
ASM-0511,CAT-006,SYM-0026,270,TRUE
ASM-0512,CAT-006,SYM-0027,280,TRUE
ASM-0513,CAT-006,SYM-0028,290,TRUE
ASM-0514,CAT-006,SYM-0029,300,TRUE
ASM-0515,CAT-006,SYM-0106,310,TRUE
ASM-0516,CAT-006,SYM-0030,320,TRUE
ASM-0517,CAT-006,SYM-0031,330,TRUE
ASM-0518,CAT-006,SYM-0032,340,TRUE
ASM-0519,CAT-006,SYM-0033,350,TRUE
ASM-0520,CAT-006,SYM-0034,360,TRUE
ASM-0521,CAT-006,SYM-0035,370,TRUE
ASM-0522,CAT-006,SYM-0036,380,TRUE
ASM-0523,CAT-006,SYM-0037,390,TRUE
ASM-0524,CAT-006,SYM-0038,400,TRUE
ASM-0525,CAT-006,SYM-0039,410,TRUE
ASM-0526,CAT-006,SYM-0040,420,TRUE
ASM-0527,CAT-006,SYM-0041,430,TRUE
ASM-0528,CAT-006,SYM-0042,440,TRUE
ASM-0529,CAT-006,SYM-0043,450,TRUE
ASM-0530,CAT-006,SYM-0044,460,TRUE
ASM-0531,CAT-006,SYM-0045,470,TRUE
ASM-0532,CAT-006,SYM-0046,480,TRUE
ASM-0533,CAT-006,SYM-0047,490,TRUE
ASM-0534,CAT-006,SYM-0048,500,TRUE
ASM-0535,CAT-006,SYM-0049,510,TRUE
ASM-0536,CAT-006,SYM-0050,520,TRUE
ASM-0537,CAT-006,SYM-0051,530,TRUE
ASM-0538,CAT-006,SYM-0052,540,TRUE
ASM-0539,CAT-006,SYM-0053,550,TRUE
ASM-0540,CAT-006,SYM-0054,560,TRUE
ASM-0541,CAT-006,SYM-0055,570,TRUE
ASM-0542,CAT-006,SYM-0107,580,TRUE
ASM-0543,CAT-006,SYM-0108,590,TRUE
ASM-0544,CAT-006,SYM-0109,600,TRUE
ASM-0545,CAT-006,SYM-0110,610,TRUE
ASM-0546,CAT-006,SYM-0111,620,TRUE
ASM-0547,CAT-006,SYM-0112,630,TRUE
ASM-0548,CAT-006,SYM-0113,640,TRUE
ASM-0549,CAT-006,SYM-0114,650,TRUE
ASM-0550,CAT-006,SYM-0115,660,TRUE
ASM-0551,CAT-006,SYM-0116,670,TRUE
ASM-0552,CAT-006,SYM-0117,680,TRUE
ASM-0553,CAT-006,SYM-0118,690,TRUE
ASM-0554,CAT-006,SYM-0056,700,TRUE
ASM-0555,CAT-006,SYM-0057,710,TRUE
ASM-0556,CAT-006,SYM-0058,720,TRUE
ASM-0557,CAT-006,SYM-0059,730,TRUE
ASM-0558,CAT-006,SYM-0060,740,TRUE
ASM-0559,CAT-006,SYM-0061,750,TRUE
ASM-0560,CAT-006,SYM-0062,760,TRUE
ASM-0561,CAT-006,SYM-0063,770,TRUE
ASM-0562,CAT-006,SYM-0064,780,TRUE
ASM-0563,CAT-006,SYM-0065,790,TRUE
ASM-0564,CAT-006,SYM-0066,800,TRUE
ASM-0565,CAT-006,SYM-0067,810,TRUE
ASM-0566,CAT-006,SYM-0068,820,TRUE
ASM-0567,CAT-006,SYM-0069,830,TRUE
ASM-0568,CAT-006,SYM-0070,840,TRUE
ASM-0569,CAT-006,SYM-0071,850,TRUE
ASM-0570,CAT-006,SYM-0072,860,TRUE
ASM-0571,CAT-006,SYM-0073,870,TRUE
ASM-0572,CAT-006,SYM-0074,880,TRUE
ASM-0573,CAT-006,SYM-0075,890,TRUE
ASM-0574,CAT-006,SYM-0076,900,TRUE
ASM-0575,CAT-006,SYM-0077,910,TRUE
ASM-0576,CAT-006,SYM-0078,920,TRUE
ASM-0577,CAT-006,SYM-0079,930,TRUE
ASM-0578,CAT-006,SYM-0080,940,TRUE
ASM-0579,CAT-006,SYM-0081,950,TRUE
ASM-0580,CAT-006,SYM-0097,960,TRUE
ASM-0581,CAT-006,SYM-0098,970,TRUE
ASM-0582,CAT-006,SYM-0099,980,TRUE
ASM-0583,CAT-006,SYM-0100,990,TRUE
ASM-0584,CAT-006,SYM-0101,1000,TRUE
ASM-0585,CAT-006,SYM-0102,1010,TRUE
ASM-0586,CAT-006,SYM-0103,1020,TRUE
ASM-0587,CAT-006,SYM-0104,1030,TRUE
ASM-0588,CAT-007,SYM-0001,10,TRUE
ASM-0589,CAT-007,SYM-0002,20,TRUE
ASM-0590,CAT-007,SYM-0003,30,TRUE
ASM-0591,CAT-007,SYM-0004,40,TRUE
ASM-0592,CAT-007,SYM-0005,50,TRUE
ASM-0593,CAT-007,SYM-0006,60,TRUE
ASM-0594,CAT-007,SYM-0007,70,TRUE
ASM-0595,CAT-007,SYM-0008,80,TRUE
ASM-0596,CAT-007,SYM-0009,90,TRUE
ASM-0597,CAT-007,SYM-0010,100,TRUE
ASM-0598,CAT-007,SYM-0011,110,TRUE
ASM-0599,CAT-007,SYM-0012,120,TRUE
ASM-0600,CAT-007,SYM-0013,130,TRUE
ASM-0601,CAT-007,SYM-0105,140,TRUE
ASM-0602,CAT-007,SYM-0014,150,TRUE
ASM-0603,CAT-007,SYM-0015,160,TRUE
ASM-0604,CAT-007,SYM-0016,170,TRUE
ASM-0605,CAT-007,SYM-0017,180,TRUE
ASM-0606,CAT-007,SYM-0018,190,TRUE
ASM-0607,CAT-007,SYM-0019,200,TRUE
ASM-0608,CAT-007,SYM-0020,210,TRUE
ASM-0609,CAT-007,SYM-0021,220,TRUE
ASM-0610,CAT-007,SYM-0022,230,TRUE
ASM-0611,CAT-007,SYM-0023,240,TRUE
ASM-0612,CAT-007,SYM-0024,250,TRUE
ASM-0613,CAT-007,SYM-0025,260,TRUE
ASM-0614,CAT-007,SYM-0026,270,TRUE
ASM-0615,CAT-007,SYM-0027,280,TRUE
ASM-0616,CAT-007,SYM-0028,290,TRUE
ASM-0617,CAT-007,SYM-0029,300,TRUE
ASM-0618,CAT-007,SYM-0106,310,TRUE
ASM-0619,CAT-007,SYM-0030,320,TRUE
ASM-0620,CAT-007,SYM-0031,330,TRUE
ASM-0621,CAT-007,SYM-0032,340,TRUE
ASM-0622,CAT-007,SYM-0033,350,TRUE
ASM-0623,CAT-007,SYM-0034,360,TRUE
ASM-0624,CAT-007,SYM-0035,370,TRUE
ASM-0625,CAT-007,SYM-0036,380,TRUE
ASM-0626,CAT-007,SYM-0037,390,TRUE
ASM-0627,CAT-007,SYM-0038,400,TRUE
ASM-0628,CAT-007,SYM-0039,410,TRUE
ASM-0629,CAT-007,SYM-0040,420,TRUE
ASM-0630,CAT-007,SYM-0041,430,TRUE
ASM-0631,CAT-007,SYM-0042,440,TRUE
ASM-0632,CAT-007,SYM-0043,450,TRUE
ASM-0633,CAT-007,SYM-0044,460,TRUE
ASM-0634,CAT-007,SYM-0045,470,TRUE
ASM-0635,CAT-007,SYM-0046,480,TRUE
ASM-0636,CAT-007,SYM-0047,490,TRUE
ASM-0637,CAT-007,SYM-0048,500,TRUE
ASM-0638,CAT-007,SYM-0049,510,TRUE
ASM-0639,CAT-007,SYM-0050,520,TRUE
ASM-0640,CAT-007,SYM-0051,530,TRUE
ASM-0641,CAT-007,SYM-0052,540,TRUE
ASM-0642,CAT-007,SYM-0053,550,TRUE
ASM-0643,CAT-007,SYM-0054,560,TRUE
ASM-0644,CAT-007,SYM-0055,570,TRUE
ASM-0645,CAT-007,SYM-0107,580,TRUE
ASM-0646,CAT-007,SYM-0108,590,TRUE
ASM-0647,CAT-007,SYM-0109,600,TRUE
ASM-0648,CAT-007,SYM-0110,610,TRUE
ASM-0649,CAT-007,SYM-0111,620,TRUE
ASM-0650,CAT-007,SYM-0112,630,TRUE
ASM-0651,CAT-007,SYM-0113,640,TRUE
ASM-0652,CAT-007,SYM-0114,650,TRUE
ASM-0653,CAT-007,SYM-0115,660,TRUE
ASM-0654,CAT-007,SYM-0116,670,TRUE
ASM-0655,CAT-007,SYM-0117,680,TRUE
ASM-0656,CAT-007,SYM-0118,690,TRUE
ASM-0657,CAT-007,SYM-0056,700,TRUE
ASM-0658,CAT-007,SYM-0057,710,TRUE
ASM-0659,CAT-007,SYM-0058,720,TRUE
ASM-0660,CAT-007,SYM-0059,730,TRUE
ASM-0661,CAT-007,SYM-0060,740,TRUE
ASM-0662,CAT-007,SYM-0061,750,TRUE
ASM-0663,CAT-007,SYM-0062,760,TRUE
ASM-0664,CAT-007,SYM-0063,770,TRUE
ASM-0665,CAT-007,SYM-0064,780,TRUE
ASM-0666,CAT-007,SYM-0065,790,TRUE
ASM-0667,CAT-007,SYM-0066,800,TRUE
ASM-0668,CAT-007,SYM-0067,810,TRUE
ASM-0669,CAT-007,SYM-0068,820,TRUE
ASM-0670,CAT-007,SYM-0069,830,TRUE
ASM-0671,CAT-007,SYM-0070,840,TRUE
ASM-0672,CAT-007,SYM-0071,850,TRUE
ASM-0673,CAT-007,SYM-0072,860,TRUE
ASM-0674,CAT-007,SYM-0073,870,TRUE
ASM-0675,CAT-007,SYM-0074,880,TRUE
ASM-0676,CAT-007,SYM-0075,890,TRUE
ASM-0677,CAT-007,SYM-0076,900,TRUE
ASM-0678,CAT-007,SYM-0077,910,TRUE
ASM-0679,CAT-007,SYM-0078,920,TRUE
ASM-0680,CAT-007,SYM-0079,930,TRUE
ASM-0681,CAT-007,SYM-0080,940,TRUE
ASM-0682,CAT-007,SYM-0081,950,TRUE
ASM-0683,CAT-007,SYM-0097,960,TRUE
ASM-0684,CAT-007,SYM-0098,970,TRUE
ASM-0685,CAT-007,SYM-0099,980,TRUE
ASM-0686,CAT-007,SYM-0100,990,TRUE
ASM-0687,CAT-007,SYM-0101,1000,TRUE
ASM-0688,CAT-007,SYM-0102,1010,TRUE
ASM-0689,CAT-007,SYM-0103,1020,TRUE
ASM-0690,CAT-007,SYM-0104,1030,TRUE
ASM-0691,CAT-008,SYM-0001,10,TRUE
ASM-0692,CAT-008,SYM-0002,20,TRUE
ASM-0693,CAT-008,SYM-0003,30,TRUE
ASM-0694,CAT-008,SYM-0004,40,TRUE
ASM-0695,CAT-008,SYM-0005,50,TRUE
ASM-0696,CAT-008,SYM-0006,60,TRUE
ASM-0697,CAT-008,SYM-0007,70,TRUE
ASM-0698,CAT-008,SYM-0008,80,TRUE
ASM-0699,CAT-008,SYM-0009,90,TRUE
ASM-0700,CAT-008,SYM-0010,100,TRUE
ASM-0701,CAT-008,SYM-0011,110,TRUE
ASM-0702,CAT-008,SYM-0012,120,TRUE
ASM-0703,CAT-008,SYM-0013,130,TRUE
ASM-0704,CAT-008,SYM-0105,140,TRUE
ASM-0705,CAT-008,SYM-0014,150,TRUE
ASM-0706,CAT-008,SYM-0015,160,TRUE
ASM-0707,CAT-008,SYM-0016,170,TRUE
ASM-0708,CAT-008,SYM-0017,180,TRUE
ASM-0709,CAT-008,SYM-0018,190,TRUE
ASM-0710,CAT-008,SYM-0019,200,TRUE
ASM-0711,CAT-008,SYM-0020,210,TRUE
ASM-0712,CAT-008,SYM-0021,220,TRUE
ASM-0713,CAT-008,SYM-0022,230,TRUE
ASM-0714,CAT-008,SYM-0023,240,TRUE
ASM-0715,CAT-008,SYM-0024,250,TRUE
ASM-0716,CAT-008,SYM-0025,260,TRUE
ASM-0717,CAT-008,SYM-0026,270,TRUE
ASM-0718,CAT-008,SYM-0027,280,TRUE
ASM-0719,CAT-008,SYM-0028,290,TRUE
ASM-0720,CAT-008,SYM-0029,300,TRUE
ASM-0721,CAT-008,SYM-0106,310,TRUE
ASM-0722,CAT-008,SYM-0030,320,TRUE
ASM-0723,CAT-008,SYM-0031,330,TRUE
ASM-0724,CAT-008,SYM-0032,340,TRUE
ASM-0725,CAT-008,SYM-0033,350,TRUE
ASM-0726,CAT-008,SYM-0034,360,TRUE
ASM-0727,CAT-008,SYM-0035,370,TRUE
ASM-0728,CAT-008,SYM-0036,380,TRUE
ASM-0729,CAT-008,SYM-0037,390,TRUE
ASM-0730,CAT-008,SYM-0038,400,TRUE
ASM-0731,CAT-008,SYM-0039,410,TRUE
ASM-0732,CAT-008,SYM-0040,420,TRUE
ASM-0733,CAT-008,SYM-0041,430,TRUE
ASM-0734,CAT-008,SYM-0042,440,TRUE
ASM-0735,CAT-008,SYM-0043,450,TRUE
ASM-0736,CAT-008,SYM-0044,460,TRUE
ASM-0737,CAT-008,SYM-0045,470,TRUE
ASM-0738,CAT-008,SYM-0046,480,TRUE
ASM-0739,CAT-008,SYM-0047,490,TRUE
ASM-0740,CAT-008,SYM-0048,500,TRUE
ASM-0741,CAT-008,SYM-0049,510,TRUE
ASM-0742,CAT-008,SYM-0050,520,TRUE
ASM-0743,CAT-008,SYM-0051,530,TRUE
ASM-0744,CAT-008,SYM-0052,540,TRUE
ASM-0745,CAT-008,SYM-0053,550,TRUE
ASM-0746,CAT-008,SYM-0054,560,TRUE
ASM-0747,CAT-008,SYM-0055,570,TRUE
ASM-0748,CAT-008,SYM-0107,580,TRUE
ASM-0749,CAT-008,SYM-0108,590,TRUE
ASM-0750,CAT-008,SYM-0109,600,TRUE
ASM-0751,CAT-008,SYM-0110,610,TRUE
ASM-0752,CAT-008,SYM-0111,620,TRUE
ASM-0753,CAT-008,SYM-0112,630,TRUE
ASM-0754,CAT-008,SYM-0113,640,TRUE
ASM-0755,CAT-008,SYM-0114,650,TRUE
ASM-0756,CAT-008,SYM-0115,660,TRUE
ASM-0757,CAT-008,SYM-0116,670,TRUE
ASM-0758,CAT-008,SYM-0117,680,TRUE
ASM-0759,CAT-008,SYM-0118,690,TRUE
ASM-0760,CAT-008,SYM-0056,700,TRUE
ASM-0761,CAT-008,SYM-0057,710,TRUE
ASM-0762,CAT-008,SYM-0058,720,TRUE
ASM-0763,CAT-008,SYM-0059,730,TRUE
ASM-0764,CAT-008,SYM-0060,740,TRUE
ASM-0765,CAT-008,SYM-0061,750,TRUE
ASM-0766,CAT-008,SYM-0062,760,TRUE
ASM-0767,CAT-008,SYM-0063,770,TRUE
ASM-0768,CAT-008,SYM-0064,780,TRUE
ASM-0769,CAT-008,SYM-0065,790,TRUE
ASM-0770,CAT-008,SYM-0066,800,TRUE
ASM-0771,CAT-008,SYM-0067,810,TRUE
ASM-0772,CAT-008,SYM-0068,820,TRUE
ASM-0773,CAT-008,SYM-0069,830,TRUE
ASM-0774,CAT-008,SYM-0070,840,TRUE
ASM-0775,CAT-008,SYM-0071,850,TRUE
ASM-0776,CAT-008,SYM-0072,860,TRUE
ASM-0777,CAT-008,SYM-0073,870,TRUE
ASM-0778,CAT-008,SYM-0074,880,TRUE
ASM-0779,CAT-008,SYM-0075,890,TRUE
ASM-0780,CAT-008,SYM-0076,900,TRUE
ASM-0781,CAT-008,SYM-0077,910,TRUE
ASM-0782,CAT-008,SYM-0078,920,TRUE
ASM-0783,CAT-008,SYM-0079,930,TRUE
ASM-0784,CAT-008,SYM-0080,940,TRUE
ASM-0785,CAT-008,SYM-0081,950,TRUE
ASM-0786,CAT-008,SYM-0097,960,TRUE
ASM-0787,CAT-008,SYM-0098,970,TRUE
ASM-0788,CAT-008,SYM-0099,980,TRUE
ASM-0789,CAT-008,SYM-0100,990,TRUE
ASM-0790,CAT-008,SYM-0101,1000,TRUE
ASM-0791,CAT-008,SYM-0102,1010,TRUE
ASM-0792,CAT-008,SYM-0103,1020,TRUE
ASM-0793,CAT-008,SYM-0104,1030,TRUE
ASM-0794,CAT-009,SYM-0001,10,TRUE
ASM-0795,CAT-009,SYM-0002,20,TRUE
ASM-0796,CAT-009,SYM-0003,30,TRUE
ASM-0797,CAT-009,SYM-0004,40,TRUE
ASM-0798,CAT-009,SYM-0005,50,TRUE
ASM-0799,CAT-009,SYM-0006,60,TRUE
ASM-0800,CAT-009,SYM-0007,70,TRUE
ASM-0801,CAT-009,SYM-0008,80,TRUE
ASM-0802,CAT-009,SYM-0009,90,TRUE
ASM-0803,CAT-009,SYM-0010,100,TRUE
ASM-0804,CAT-009,SYM-0011,110,TRUE
ASM-0805,CAT-009,SYM-0012,120,TRUE
ASM-0806,CAT-009,SYM-0013,130,TRUE
ASM-0807,CAT-009,SYM-0105,140,TRUE
ASM-0808,CAT-009,SYM-0014,150,TRUE
ASM-0809,CAT-009,SYM-0015,160,TRUE
ASM-0810,CAT-009,SYM-0016,170,TRUE
ASM-0811,CAT-009,SYM-0017,180,TRUE
ASM-0812,CAT-009,SYM-0018,190,TRUE
ASM-0813,CAT-009,SYM-0019,200,TRUE
ASM-0814,CAT-009,SYM-0020,210,TRUE
ASM-0815,CAT-009,SYM-0021,220,TRUE
ASM-0816,CAT-009,SYM-0022,230,TRUE
ASM-0817,CAT-009,SYM-0023,240,TRUE
ASM-0818,CAT-009,SYM-0024,250,TRUE
ASM-0819,CAT-009,SYM-0025,260,TRUE
ASM-0820,CAT-009,SYM-0026,270,TRUE
ASM-0821,CAT-009,SYM-0027,280,TRUE
ASM-0822,CAT-009,SYM-0028,290,TRUE
ASM-0823,CAT-009,SYM-0029,300,TRUE
ASM-0824,CAT-009,SYM-0106,310,TRUE
ASM-0825,CAT-009,SYM-0030,320,TRUE
ASM-0826,CAT-009,SYM-0031,330,TRUE
ASM-0827,CAT-009,SYM-0032,340,TRUE
ASM-0828,CAT-009,SYM-0033,350,TRUE
ASM-0829,CAT-009,SYM-0034,360,TRUE
ASM-0830,CAT-009,SYM-0035,370,TRUE
ASM-0831,CAT-009,SYM-0036,380,TRUE
ASM-0832,CAT-009,SYM-0037,390,TRUE
ASM-0833,CAT-009,SYM-0038,400,TRUE
ASM-0834,CAT-009,SYM-0039,410,TRUE
ASM-0835,CAT-009,SYM-0040,420,TRUE
ASM-0836,CAT-009,SYM-0041,430,TRUE
ASM-0837,CAT-009,SYM-0042,440,TRUE
ASM-0838,CAT-009,SYM-0043,450,TRUE
ASM-0839,CAT-009,SYM-0044,460,TRUE
ASM-0840,CAT-009,SYM-0045,470,TRUE
ASM-0841,CAT-009,SYM-0046,480,TRUE
ASM-0842,CAT-009,SYM-0047,490,TRUE
ASM-0843,CAT-009,SYM-0048,500,TRUE
ASM-0844,CAT-009,SYM-0049,510,TRUE
ASM-0845,CAT-009,SYM-0050,520,TRUE
ASM-0846,CAT-009,SYM-0051,530,TRUE
ASM-0847,CAT-009,SYM-0052,540,TRUE
ASM-0848,CAT-009,SYM-0053,550,TRUE
ASM-0849,CAT-009,SYM-0054,560,TRUE
ASM-0850,CAT-009,SYM-0055,570,TRUE
ASM-0851,CAT-009,SYM-0107,580,TRUE
ASM-0852,CAT-009,SYM-0108,590,TRUE
ASM-0853,CAT-009,SYM-0109,600,TRUE
ASM-0854,CAT-009,SYM-0110,610,TRUE
ASM-0855,CAT-009,SYM-0111,620,TRUE
ASM-0856,CAT-009,SYM-0112,630,TRUE
ASM-0857,CAT-009,SYM-0113,640,TRUE
ASM-0858,CAT-009,SYM-0114,650,TRUE
ASM-0859,CAT-009,SYM-0115,660,TRUE
ASM-0860,CAT-009,SYM-0116,670,TRUE
ASM-0861,CAT-009,SYM-0117,680,TRUE
ASM-0862,CAT-009,SYM-0118,690,TRUE
ASM-0863,CAT-009,SYM-0056,700,TRUE
ASM-0864,CAT-009,SYM-0057,710,TRUE
ASM-0865,CAT-009,SYM-0058,720,TRUE
ASM-0866,CAT-009,SYM-0059,730,TRUE
ASM-0867,CAT-009,SYM-0060,740,TRUE
ASM-0868,CAT-009,SYM-0061,750,TRUE
ASM-0869,CAT-009,SYM-0062,760,TRUE
ASM-0870,CAT-009,SYM-0063,770,TRUE
ASM-0871,CAT-009,SYM-0064,780,TRUE
ASM-0872,CAT-009,SYM-0065,790,TRUE
ASM-0873,CAT-009,SYM-0066,800,TRUE
ASM-0874,CAT-009,SYM-0067,810,TRUE
ASM-0875,CAT-009,SYM-0068,820,TRUE
ASM-0876,CAT-009,SYM-0069,830,TRUE
ASM-0877,CAT-009,SYM-0070,840,TRUE
ASM-0878,CAT-009,SYM-0071,850,TRUE
ASM-0879,CAT-009,SYM-0072,860,TRUE
ASM-0880,CAT-009,SYM-0073,870,TRUE
ASM-0881,CAT-009,SYM-0074,880,TRUE
ASM-0882,CAT-009,SYM-0075,890,TRUE
ASM-0883,CAT-009,SYM-0076,900,TRUE
ASM-0884,CAT-009,SYM-0077,910,TRUE
ASM-0885,CAT-009,SYM-0078,920,TRUE
ASM-0886,CAT-009,SYM-0079,930,TRUE
ASM-0887,CAT-009,SYM-0080,940,TRUE
ASM-0888,CAT-009,SYM-0081,950,TRUE
ASM-0889,CAT-009,SYM-0097,960,TRUE
ASM-0890,CAT-009,SYM-0098,970,TRUE
ASM-0891,CAT-009,SYM-0099,980,TRUE
ASM-0892,CAT-009,SYM-0100,990,TRUE
ASM-0893,CAT-009,SYM-0101,1000,TRUE
ASM-0894,CAT-009,SYM-0102,1010,TRUE
ASM-0895,CAT-009,SYM-0103,1020,TRUE
ASM-0896,CAT-009,SYM-0104,1030,TRUE